2070,2200,2300,2465,2197,2310,2345,2430,2394,2346,2193,2215,2310,2483,2202,2269,2089,2336,2435,2248,2221,2481,2182,2282,2095,2100,2391,2074,2126,2145,2496,2135,2445,2264,2241,2336,2143,2131,2131,2205,2006,2446,2135,2209,2261
2441,2427,2086,2352,2167,2284,2343,2321,2289,2063,2060,2427,2265,2493,2127,2115,2415,2281,2487,2436,2172,2257,2060,2494,2440,2064,2475,2494,2443,2189,2284,2211,2300,2421,2224,2361,2494,2080,2146,2332,2152,2322,2321,2485,2200
2100,2417,2486,2080,2191,2322,2231,2109,2046,2297,2472,2084,2455,2025,2447,2436,2417,2309,2434,2273,2393,2193,2181,2252,2268,2011,2345,2370,2148,2025,2372,2186,2028,2010,2401,2062,2408,2194,2467,2028,2163,2004,2348,2204,2454
2289,2025,2239,2258,2344,2011,2053,2149,2310,2169,2016,2124,2227,2235,2127,2025,2489,2215,2224,2467,2242,2446,2471,2244,2403,2232,2413,2348,2296,2104,2297,2455,2178,2388,2242,2245,2485,2020,2307,2366,2326,2320,2074,2376,2498
2316,2041,2422,2155,2017,2433,2482,2256,2365,2300,2255,2307,2129,2484,2410,2442,2474,2298,2180,2269,2055,2003,2305,2399,2140,2255,2421,2007,2091,2246,2265,2499,2348,2014,2110,2006,2269,2465,2372,2084,2421,2310,2120,2079,2133
2266,2493,2028,2316,2313,2468,2154,2076,2473,2174,2135,2051,2208,2271,2129,2357,2147,2070,2210,2038,2089,2398,2060,2118,2264,2134,2222,2309,2339,2117,2338,2127,2038,2191,2499,2157,2017,2080,2146,2054,2010,2191,2404,2455,2115
2115,2030,2406,2254,2298,2081,2326,2185,2459,2160,2153,2095,2090,2343,2091,2422,2021,2097,2267,2332,2165,2487,2349,2059,2087,2336,2205,2165,2074,2047,2271,2168,2224,2273,2426,2173,2054,2259,2307,2268,2351,2414,2199,2332,2113
2220,2308,2216,2332,2374,2253,2303,2342,2242,2314,2157,2434,2108,2379,2018,2192,2078,2292,2193,2449,2033,2394,2419,2029,2443,2011,2291,2298,2379,2081,2267,2214,2392,2343,2289,2498,2179,2299,2444,2383,2064,2270,2416,2407,2433
2408,2051,2197,2403,2073,2368,2050,2216,2235,2412,2132,2137,2186,2251,2182,2182,2277,2424,2056,2434,2093,2326,2407,2362,2477,2070,2438,2122,2277,2103,2124,2419,2243,2403,2357,2175,2163,2440,2293,2311,2210,2376,2256,2437,2094
2142,2492,2093,2205,2343,2014,2086,2461,2380,2047,2115,2332,2240,2052,2278,2053,2292,2289,2451,2235,2379,2272,2065,2087,2298,2126,2036,2127,2485,2013,2233,2499,2048,2375,2182,2238,2266,2135,2012,2019,2089,2238,2314,2064,2276
2316,2498,2218,2368,2406,2403,2416,2348,2331,2390,2297,2078,2419,2259,2457,2018,2153,2248,2044,2042,2153,2486,2013,2406,2134,2062,2070,2152,2303,2345,2265,2448,2249,2272,2148,2249,2438,2294,2356,2259,2350,2089,2138,2162,2426
2424,2341,2447,2256,2230,2146,2215,2299,2322,2322,2202,2213,2049,2010,2407,2003,2104,2433,2228,2431,2336,2220,2369,2304,2128,2435,2112,2042,2500,2311,2128,2464,2280,2461,2239,2491,2073,2040,2299,2259,2438,2457,2161,2067,2062
2145,2157,2062,2032,2065,2081,2218,2360,2445,2315,2495,2208,2221,2461,2265,2147,2406,2190,2024,2395,2306,2125,2259,2123,2310,2030,2376,2398,2127,2322,2006,2114,2165,2107,2330,2298,2314,2447,2398,2322,2094,2499,2448,2228,2489
2300,2166,2187,2302,2477,2015,2278,2166,2348,2340,2059,2413,2325,2050,2214,2025,2397,2480,2487,2381,2363,2191,2074,2212,2344,2308,2437,2140,2418,2095,2021,2431,2120,2429,2245,2086,2343,2083,2303,2328,2231,2175,2332,2488,2312
2271,2067,2352,2223,2451,2491,2079,2442,2190,2042,2174,2265,2116,2401,2101,2070,2090,2025,2197,2244,2038,2075,2175,2299,2331,2080,2404,2468,2397,2388,2421,2156,2184,2126,2371,2392,2406,2468,2451,2154,2427,2241,2333,2475,2381
2161,2498,2141,2356,2076,2283,2053,2388,2271,2280,2126,2378,2351,2389,2413,2005,2344,2386,2175,2293,2280,2227,2345,2359,2403,2382,2442,2000,2315,2068,2041,2287,2207,2445,2194,2375,2103,2463,2293,2147,2129,2290,2230,2047,2202
2318,2158,2357,2302,2106,2036,2458,2088,2369,2444,2435,2277,2044,2210,2054,2217,2320,2064,2340,2168,2486,2180,2284,2083,2406,2218,2093,2427,2461,2418,2453,2111,2405,2045,2269,2365,2151,2378,2116,2224,2368,2387,2122,2211,2166
2500,2267,2128,2118,2437,2272,2435,2180,2055,2466,2067,2299,2438,2357,2040,2160,2267,2078,2416,2090,2236,2187,2216,2191,2392,2222,2143,2231,2296,2256,2283,2062,2327,2211,2339,2432,2110,2021,2249,2132,2408,2283,2302,2242,2064
2218,2227,2287,2208,2286,2471,2221,2423,2226,2289,2373,2295,2323,2333,2395,2280,2028,2076,2187,2140,2075,2467,2191,2480,2309,2324,2149,2072,2499,2362,2210,2197,2187,2194,2184,2436,2405,2162,2487,2247,2114,2110,2023,2457,2448
2075,2491,2204,2239,2414,2227,2347,2305,2204,2276,2265,2256,2184,2070,2434,2227,2412,2185,2139,2061,2389,2480,2448,2178,2398,2414,2296,2103,2079,2289,2271,2405,2041,2162,2177,2355,2496,2486,2122,2085,2174,2498,2236,2054,2347
